order_id,customer_name,age,product,quantity,price
403,Pooja,30.0,Laptop,1.0,0.0
265,Rahul,22.0,Laptop,3.0,0.0
285,Amit,22.0,Laptop,2.0,20000.0
152,Rahul,25.0,Headphones,3.0,20000.0
515,Amit,22.0,unknown,2.0,20000.0
808,Unknown,22.0,unknown,1.0,0.0
739,Neha,35.0,Tablet,3.0,15000.0
536,Amit,30.0,Mobile,1.0,0.0
972,Unknown,30.0,Mobile,3.0,10000.0
967,Unknown,35.0,Tablet,1.0,20000.0
324,Rahul,28.026128266033254,Headphones,3.0,10000.0
780,Unknown,25.0,Headphones,3.0,10000.0
1000,Unknown,25.0,Headphones,3.0,10000.0
346,Amit,35.0,unknown,2.0,20000.0
785,Unknown,30.0,Mobile,2.0,20000.0
853,Pooja,35.0,Tablet,3.0,10000.0
709,Neha,22.0,Mobile,1.0,10000.0
370,Pooja,28.026128266033254,Mobile,2.0,15000.0
945,Neha,22.0,Laptop,1.0,0.0
975,Pooja,35.0,Tablet,3.0,10000.0
434,Rahul,30.0,unknown,3.0,15000.0
91,Rahul,22.0,Headphones,1.0,15000.0
712,Unknown,30.0,Mobile,1.0,20000.0
149,Pooja,22.0,Headphones,1.0,20000.0
235,Unknown,28.026128266033254,Headphones,3.0,20000.0
607,Pooja,30.0,unknown,3.0,10000.0
974,Pooja,28.026128266033254,Mobile,2.0,20000.0
76,Unknown,28.026128266033254,Laptop,1.0,10000.0
452,Neha,28.026128266033254,Mobile,3.0,15000.0
228,Amit,35.0,unknown,1.0,0.0
462,Pooja,25.0,unknown,1.0,15000.0
977,Rahul,35.0,unknown,2.0,20000.0
139,Neha,22.0,Tablet,1.0,15000.0
378,Rahul,25.0,Tablet,1.0,0.0
830,Rahul,35.0,Mobile,1.0,20000.0
740,Unknown,25.0,unknown,2.0,0.0
505,Rahul,25.0,Tablet,1.0,20000.0
690,Rahul,25.0,Headphones,3.0,15000.0
666,Pooja,30.0,Mobile,3.0,15000.0
520,Neha,35.0,Laptop,1.0,10000.0
48,Amit,30.0,Headphones,2.0,20000.0
160,Pooja,28.026128266033254,Tablet,1.0,20000.0
246,Pooja,30.0,Laptop,1.0,10000.0
146,Neha,22.0,Headphones,1.0,20000.0
667,Pooja,25.0,Laptop,1.0,15000.0
888,Neha,22.0,Tablet,1.0,0.0
891,Amit,28.026128266033254,Tablet,2.0,10000.0
910,Pooja,35.0,unknown,3.0,20000.0
867,Amit,30.0,Tablet,2.0,20000.0
233,Rahul,28.026128266033254,Tablet,1.0,0.0
333,Unknown,35.0,Mobile,2.0,15000.0
480,Unknown,22.0,Laptop,1.0,15000.0
12,Amit,28.026128266033254,Tablet,3.0,20000.0
627,Unknown,28.026128266033254,Laptop,1.0,0.0
652,Unknown,35.0,Tablet,3.0,15000.0
478,Rahul,25.0,Tablet,1.0,15000.0
681,Unknown,22.0,Headphones,3.0,15000.0
199,Unknown,35.0,Mobile,2.0,15000.0
759,Unknown,22.0,Headphones,3.0,10000.0
715,Amit,30.0,Mobile,1.0,10000.0
210,Neha,30.0,Mobile,1.0,10000.0
301,Amit,22.0,Tablet,3.0,20000.0
486,Amit,22.0,Tablet,1.0,10000.0
661,Pooja,22.0,Mobile,2.0,20000.0
163,Pooja,22.0,Tablet,1.0,0.0
640,Pooja,28.026128266033254,Headphones,1.0,20000.0
804,Amit,25.0,Mobile,1.0,10000.0
114,Rahul,28.026128266033254,Laptop,2.0,15000.0
132,Unknown,35.0,unknown,1.0,15000.0
430,Rahul,30.0,Headphones,3.0,10000.0
93,Unknown,35.0,Mobile,2.0,15000.0
183,Rahul,25.0,unknown,1.0,10000.0
204,Pooja,25.0,unknown,1.0,10000.0
665,Rahul,30.0,Headphones,2.0,0.0
65,Rahul,25.0,unknown,1.0,10000.0
88,Pooja,25.0,Headphones,2.0,20000.0
356,Unknown,25.0,unknown,1.0,0.0
489,Pooja,25.0,Laptop,1.0,0.0
960,Amit,25.0,Headphones,2.0,20000.0
587,Rahul,22.0,Tablet,2.0,10000.0
596,Neha,25.0,unknown,1.0,10000.0
214,Pooja,35.0,Headphones,1.0,15000.0
561,Amit,30.0,Headphones,1.0,15000.0
620,Pooja,35.0,Laptop,2.0,20000.0
371,Neha,22.0,Mobile,2.0,0.0
838,Amit,28.026128266033254,Headphones,1.0,15000.0
143,Neha,30.0,unknown,2.0,10000.0
915,Pooja,22.0,Headphones,1.0,20000.0
330,Neha,28.026128266033254,Laptop,2.0,0.0
186,Rahul,30.0,Mobile,1.0,0.0
728,Amit,22.0,Laptop,3.0,15000.0
195,Neha,35.0,Tablet,3.0,0.0
583,Rahul,25.0,Laptop,1.0,10000.0
753,Neha,25.0,Headphones,1.0,15000.0
411,Pooja,25.0,Laptop,2.0,10000.0
929,Neha,30.0,unknown,3.0,20000.0
741,Amit,28.026128266033254,unknown,1.0,20000.0
43,Unknown,25.0,Laptop,1.0,0.0
751,Unknown,28.026128266033254,Mobile,3.0,20000.0
294,Neha,25.0,unknown,2.0,10000.0
503,Neha,22.0,Headphones,1.0,0.0
643,Amit,30.0,Mobile,3.0,0.0
683,Neha,22.0,Mobile,1.0,15000.0
329,Pooja,25.0,unknown,1.0,0.0
278,Unknown,35.0,Mobile,1.0,15000.0
343,Neha,25.0,Mobile,1.0,0.0
950,Amit,35.0,unknown,1.0,0.0
40,Amit,30.0,Laptop,2.0,15000.0
842,Neha,35.0,Laptop,1.0,15000.0
894,Rahul,25.0,Mobile,3.0,0.0
47,Amit,25.0,Tablet,2.0,20000.0
47,Amit,25.0,Tablet,2.0,20000.0
438,Rahul,35.0,unknown,1.0,10000.0
600,Pooja,30.0,Laptop,1.0,20000.0
445,Amit,30.0,Tablet,1.0,15000.0
639,Neha,25.0,unknown,2.0,0.0
599,Rahul,30.0,Tablet,2.0,10000.0
6,Rahul,35.0,Laptop,2.0,10000.0
526,Amit,25.0,Tablet,1.0,0.0
29,Unknown,30.0,unknown,3.0,15000.0
957,Unknown,30.0,Laptop,1.0,0.0
342,Rahul,22.0,unknown,2.0,0.0
597,Rahul,28.026128266033254,unknown,3.0,20000.0
217,Rahul,22.0,Headphones,3.0,15000.0
651,Unknown,28.026128266033254,unknown,1.0,15000.0
401,Unknown,35.0,Mobile,2.0,20000.0
390,Amit,28.026128266033254,Mobile,2.0,20000.0
404,Neha,30.0,Tablet,1.0,0.0
15,Neha,35.0,Laptop,3.0,10000.0
876,Rahul,28.026128266033254,Headphones,3.0,15000.0
742,Neha,30.0,Tablet,1.0,0.0
52,Pooja,30.0,unknown,1.0,20000.0
151,Amit,35.0,unknown,3.0,20000.0
336,Amit,35.0,Tablet,1.0,0.0
165,Pooja,22.0,Laptop,1.0,10000.0
81,Amit,28.026128266033254,Laptop,1.0,0.0
142,Unknown,30.0,Mobile,2.0,20000.0
932,Neha,25.0,Mobile,2.0,0.0
883,Amit,25.0,Headphones,2.0,20000.0
931,Rahul,25.0,Tablet,3.0,15000.0
708,Unknown,35.0,Headphones,3.0,20000.0
209,Unknown,22.0,unknown,2.0,20000.0
694,Pooja,28.026128266033254,Tablet,1.0,20000.0
75,Rahul,22.0,Laptop,3.0,0.0
899,Unknown,22.0,Mobile,1.0,15000.0
523,Unknown,35.0,Headphones,1.0,10000.0
271,Pooja,35.0,Mobile,3.0,0.0
62,Unknown,35.0,unknown,1.0,20000.0
108,Unknown,30.0,Headphones,1.0,10000.0
725,Pooja,30.0,Headphones,2.0,10000.0
136,Rahul,22.0,Mobile,3.0,10000.0
731,Unknown,28.026128266033254,Mobile,1.0,20000.0
60,Rahul,28.026128266033254,unknown,2.0,15000.0
414,Amit,22.0,Mobile,3.0,15000.0
606,Unknown,22.0,Mobile,2.0,20000.0
833,Pooja,35.0,Headphones,1.0,20000.0
260,Pooja,22.0,Headphones,1.0,10000.0
23,Rahul,28.026128266033254,Tablet,2.0,15000.0
697,Rahul,22.0,Headphones,1.0,0.0
498,Amit,28.026128266033254,Mobile,1.0,0.0
401,Unknown,35.0,Mobile,2.0,20000.0
167,Neha,28.026128266033254,Laptop,1.0,0.0
535,Rahul,25.0,unknown,2.0,15000.0
464,Unknown,35.0,Tablet,1.0,0.0
9,Amit,28.026128266033254,Headphones,1.0,10000.0
484,Pooja,22.0,unknown,1.0,20000.0
196,Rahul,35.0,Headphones,1.0,20000.0
865,Unknown,28.026128266033254,Tablet,2.0,0.0
783,Rahul,22.0,Headphones,2.0,0.0
635,Amit,22.0,Headphones,1.0,0.0
159,Amit,25.0,Headphones,3.0,15000.0
939,Pooja,35.0,Laptop,1.0,20000.0
869,Neha,22.0,Laptop,1.0,0.0
490,Amit,35.0,Laptop,2.0,0.0
851,Unknown,22.0,Tablet,1.0,20000.0
618,Rahul,22.0,Tablet,1.0,10000.0
436,Pooja,25.0,Mobile,1.0,10000.0
685,Rahul,35.0,Tablet,2.0,15000.0
763,Neha,30.0,Mobile,2.0,20000.0
634,Pooja,22.0,Mobile,1.0,0.0
496,Amit,28.026128266033254,Laptop,1.0,10000.0
245,Amit,25.0,unknown,2.0,15000.0
446,Pooja,28.026128266033254,Mobile,1.0,0.0
981,Pooja,35.0,Tablet,1.0,10000.0
360,Unknown,25.0,Laptop,2.0,10000.0
815,Amit,28.026128266033254,Mobile,2.0,15000.0
332,Unknown,25.0,Laptop,1.0,15000.0
79,Unknown,28.026128266033254,unknown,2.0,0.0
101,Unknown,30.0,Laptop,2.0,0.0
103,Amit,25.0,unknown,2.0,10000.0
428,Neha,30.0,unknown,1.0,15000.0
515,Amit,22.0,unknown,2.0,20000.0
818,Neha,22.0,Mobile,2.0,15000.0
354,Neha,22.0,Mobile,2.0,20000.0
590,Unknown,35.0,Mobile,1.0,20000.0
691,Rahul,22.0,Tablet,2.0,10000.0
837,Unknown,28.026128266033254,Tablet,1.0,10000.0
744,Rahul,30.0,Mobile,1.0,15000.0
749,Amit,35.0,Laptop,3.0,20000.0
212,Rahul,25.0,Headphones,3.0,15000.0
393,Rahul,30.0,Tablet,1.0,15000.0
379,Unknown,22.0,Laptop,1.0,0.0
995,Rahul,30.0,Laptop,1.0,20000.0
655,Neha,28.026128266033254,Mobile,3.0,20000.0
137,Rahul,28.026128266033254,Laptop,1.0,10000.0
982,Pooja,22.0,Mobile,1.0,20000.0
538,Pooja,28.026128266033254,Laptop,1.0,10000.0
473,Amit,30.0,Laptop,1.0,0.0
221,Neha,25.0,Tablet,3.0,15000.0
642,Unknown,35.0,unknown,3.0,15000.0
315,Unknown,35.0,Laptop,3.0,10000.0
511,Pooja,30.0,Headphones,2.0,10000.0
777,Neha,30.0,unknown,2.0,20000.0
423,Pooja,28.026128266033254,Headphones,1.0,10000.0
57,Amit,30.0,Mobile,1.0,0.0
273,Unknown,28.026128266033254,Mobile,1.0,0.0
248,Rahul,30.0,Tablet,2.0,10000.0
649,Unknown,35.0,Headphones,1.0,10000.0
770,Neha,25.0,Laptop,1.0,0.0
494,Pooja,22.0,Headphones,1.0,0.0
558,Unknown,22.0,unknown,1.0,20000.0
994,Amit,35.0,Tablet,1.0,20000.0
955,Neha,28.026128266033254,Headphones,1.0,10000.0
466,Unknown,25.0,Mobile,1.0,10000.0
328,Pooja,22.0,Mobile,3.0,10000.0
112,Pooja,22.0,Tablet,3.0,0.0
547,Unknown,25.0,Tablet,1.0,10000.0
73,Rahul,35.0,unknown,1.0,10000.0
369,Unknown,25.0,Tablet,1.0,0.0
96,Neha,25.0,Headphones,2.0,10000.0
825,Amit,22.0,unknown,1.0,10000.0
531,Unknown,28.026128266033254,Headphones,3.0,20000.0
388,Amit,35.0,Laptop,2.0,20000.0
485,Neha,28.026128266033254,Mobile,1.0,10000.0
873,Amit,22.0,unknown,1.0,20000.0
19,Rahul,25.0,unknown,1.0,0.0
585,Rahul,22.0,Headphones,1.0,0.0
71,Unknown,30.0,Mobile,2.0,20000.0
912,Amit,22.0,unknown,2.0,15000.0
812,Neha,28.026128266033254,Mobile,1.0,20000.0
969,Unknown,30.0,Mobile,1.0,10000.0
805,Unknown,28.026128266033254,Tablet,1.0,20000.0
554,Amit,22.0,Tablet,2.0,15000.0
949,Unknown,35.0,Laptop,2.0,10000.0
412,Rahul,30.0,Mobile,1.0,10000.0
133,Pooja,28.026128266033254,Headphones,1.0,0.0
348,Rahul,25.0,Tablet,2.0,10000.0
880,Rahul,28.026128266033254,Headphones,2.0,15000.0
506,Amit,30.0,Laptop,1.0,0.0
834,Neha,22.0,Headphones,3.0,10000.0
305,Amit,25.0,Tablet,1.0,20000.0
870,Neha,22.0,unknown,3.0,20000.0
492,Amit,22.0,Mobile,3.0,15000.0
53,Neha,25.0,Laptop,3.0,10000.0
257,Neha,25.0,Tablet,2.0,15000.0
976,Rahul,22.0,unknown,1.0,20000.0
64,Amit,30.0,Headphones,1.0,10000.0
860,Amit,35.0,Tablet,3.0,15000.0
942,Neha,28.026128266033254,Headphones,2.0,0.0
881,Rahul,25.0,Mobile,1.0,10000.0
729,Neha,28.026128266033254,Laptop,1.0,15000.0
460,Pooja,25.0,Headphones,1.0,10000.0
926,Neha,30.0,unknown,3.0,15000.0
293,Rahul,28.026128266033254,Laptop,3.0,10000.0
338,Neha,35.0,Headphones,2.0,10000.0
840,Unknown,28.026128266033254,Headphones,2.0,20000.0
875,Unknown,22.0,Mobile,1.0,15000.0
695,Neha,28.026128266033254,Headphones,3.0,15000.0
722,Amit,25.0,Laptop,3.0,10000.0
727,Amit,35.0,Laptop,1.0,0.0
176,Pooja,22.0,unknown,2.0,20000.0
559,Rahul,30.0,Headphones,1.0,20000.0
921,Amit,35.0,Mobile,1.0,15000.0
809,Pooja,25.0,Tablet,1.0,0.0
886,Unknown,30.0,Mobile,1.0,15000.0
382,Rahul,22.0,Laptop,1.0,20000.0
790,Amit,28.026128266033254,Mobile,3.0,15000.0
773,Neha,28.026128266033254,Laptop,2.0,20000.0
38,Rahul,25.0,Tablet,1.0,10000.0
337,Neha,22.0,Headphones,1.0,15000.0
381,Amit,30.0,Headphones,1.0,0.0
304,Amit,22.0,Headphones,3.0,10000.0
835,Unknown,25.0,Tablet,1.0,15000.0
871,Amit,35.0,Tablet,1.0,10000.0
344,Amit,30.0,Mobile,1.0,0.0
521,Neha,35.0,Tablet,3.0,0.0
537,Amit,28.026128266033254,unknown,1.0,0.0
622,Unknown,30.0,Laptop,2.0,0.0
555,Rahul,35.0,unknown,1.0,0.0
475,Neha,28.026128266033254,Laptop,3.0,0.0
499,Amit,25.0,Mobile,1.0,20000.0
782,Unknown,25.0,Mobile,3.0,20000.0
110,Pooja,28.026128266033254,Tablet,1.0,15000.0
295,Rahul,28.026128266033254,Laptop,2.0,20000.0
789,Neha,35.0,Headphones,2.0,20000.0
402,Rahul,30.0,Headphones,3.0,20000.0
580,Rahul,22.0,Tablet,2.0,0.0
86,Neha,28.026128266033254,unknown,1.0,15000.0
174,Pooja,30.0,Tablet,1.0,15000.0
472,Pooja,22.0,Headphones,1.0,0.0
111,Neha,30.0,Laptop,1.0,15000.0
173,Unknown,28.026128266033254,unknown,3.0,15000.0
231,Amit,35.0,Mobile,2.0,15000.0
105,Pooja,30.0,Headphones,1.0,15000.0
387,Pooja,25.0,Mobile,2.0,20000.0
624,Pooja,28.026128266033254,Mobile,1.0,10000.0
562,Unknown,35.0,Headphones,1.0,15000.0
224,Rahul,22.0,Laptop,1.0,0.0
25,Neha,22.0,Laptop,3.0,0.0
410,Unknown,30.0,Laptop,1.0,15000.0
223,Neha,30.0,Laptop,1.0,15000.0
747,Pooja,22.0,unknown,1.0,15000.0
448,Neha,25.0,Laptop,2.0,10000.0
946,Pooja,25.0,Mobile,3.0,10000.0
990,Rahul,22.0,Headphones,2.0,0.0
147,Pooja,28.026128266033254,unknown,3.0,10000.0
532,Pooja,25.0,Mobile,1.0,0.0
852,Rahul,30.0,Mobile,1.0,10000.0
269,Pooja,28.026128266033254,Laptop,3.0,0.0
612,Pooja,25.0,Laptop,3.0,15000.0
153,Rahul,25.0,Laptop,1.0,10000.0
384,Neha,30.0,Laptop,1.0,10000.0
206,Pooja,30.0,Laptop,1.0,10000.0
647,Amit,22.0,Laptop,2.0,0.0
700,Amit,30.0,unknown,3.0,10000.0
543,Neha,35.0,Mobile,2.0,10000.0
829,Pooja,30.0,Laptop,1.0,15000.0
309,Pooja,25.0,Mobile,1.0,15000.0
973,Unknown,35.0,Headphones,2.0,20000.0
879,Neha,25.0,Headphones,1.0,0.0
872,Neha,28.026128266033254,Tablet,1.0,20000.0
711,Amit,28.026128266033254,Tablet,1.0,20000.0
723,Amit,35.0,Tablet,1.0,10000.0
95,Amit,30.0,Tablet,1.0,15000.0
58,Neha,22.0,Tablet,2.0,10000.0
963,Amit,22.0,Tablet,1.0,10000.0
965,Rahul,28.026128266033254,Laptop,1.0,20000.0
69,Neha,25.0,Mobile,1.0,0.0
573,Amit,35.0,Tablet,1.0,10000.0
87,Neha,25.0,Tablet,1.0,15000.0
85,Pooja,35.0,Tablet,1.0,20000.0
839,Pooja,35.0,Mobile,3.0,0.0
140,Pooja,28.026128266033254,unknown,3.0,0.0
696,Unknown,30.0,Tablet,2.0,20000.0
577,Pooja,35.0,unknown,3.0,10000.0
357,Rahul,30.0,Laptop,1.0,0.0
663,Pooja,25.0,Headphones,1.0,20000.0
653,Unknown,30.0,unknown,2.0,10000.0
679,Unknown,35.0,Mobile,1.0,0.0
97,Pooja,28.026128266033254,Laptop,1.0,0.0
902,Amit,35.0,Headphones,3.0,15000.0
827,Neha,30.0,Mobile,3.0,10000.0
288,Rahul,35.0,Laptop,1.0,0.0
3,Unknown,22.0,Mobile,3.0,10000.0
272,Unknown,25.0,unknown,3.0,10000.0
633,Unknown,28.026128266033254,Headphones,3.0,10000.0
907,Rahul,30.0,Tablet,1.0,15000.0
673,Unknown,30.0,unknown,3.0,10000.0
983,Unknown,25.0,Laptop,1.0,0.0
279,Unknown,35.0,Headphones,1.0,15000.0
415,Unknown,22.0,Headphones,2.0,20000.0
670,Neha,22.0,Laptop,1.0,20000.0
325,Unknown,22.0,Tablet,2.0,20000.0
421,Rahul,30.0,Mobile,1.0,20000.0
811,Rahul,25.0,unknown,1.0,0.0
297,Neha,22.0,Tablet,2.0,10000.0
570,Rahul,35.0,unknown,1.0,10000.0
28,Amit,25.0,unknown,1.0,0.0
314,Neha,30.0,Tablet,1.0,0.0
416,Rahul,22.0,Tablet,2.0,0.0
611,Amit,22.0,Mobile,1.0,0.0
178,Pooja,25.0,Laptop,1.0,0.0
487,Unknown,30.0,unknown,2.0,0.0
455,Pooja,22.0,Tablet,1.0,10000.0
172,Rahul,30.0,Headphones,1.0,20000.0
904,Pooja,30.0,unknown,3.0,0.0
593,Rahul,22.0,Headphones,3.0,15000.0
191,Pooja,22.0,unknown,1.0,0.0
21,Neha,22.0,Tablet,1.0,0.0
937,Amit,25.0,Tablet,2.0,10000.0
800,Amit,25.0,Headphones,1.0,0.0
530,Neha,30.0,unknown,1.0,10000.0
118,Unknown,30.0,unknown,2.0,20000.0
500,Amit,22.0,Tablet,3.0,15000.0
510,Neha,35.0,unknown,1.0,10000.0
845,Pooja,30.0,Laptop,3.0,15000.0
591,Pooja,28.026128266033254,unknown,3.0,10000.0
737,Rahul,28.026128266033254,Headphones,2.0,10000.0
595,Amit,30.0,Laptop,2.0,20000.0
311,Neha,35.0,unknown,1.0,15000.0
181,Neha,25.0,Tablet,1.0,0.0
709,Neha,22.0,Mobile,1.0,10000.0
660,Neha,28.026128266033254,unknown,2.0,15000.0
858,Rahul,35.0,Headphones,1.0,10000.0
609,Rahul,35.0,Headphones,1.0,0.0
420,Neha,30.0,Headphones,1.0,10000.0
432,Neha,35.0,unknown,3.0,0.0
772,Amit,35.0,Tablet,1.0,10000.0
524,Pooja,28.026128266033254,Mobile,3.0,15000.0
249,Neha,25.0,Laptop,2.0,0.0
923,Pooja,30.0,Headphones,2.0,0.0
247,Rahul,35.0,Tablet,3.0,10000.0
406,Amit,25.0,unknown,1.0,20000.0
155,Rahul,22.0,Mobile,1.0,20000.0
463,Rahul,25.0,Headphones,1.0,0.0
762,Amit,30.0,Tablet,3.0,10000.0
476,Pooja,22.0,unknown,1.0,10000.0
189,Pooja,22.0,Laptop,1.0,15000.0
491,Neha,28.026128266033254,Headphones,2.0,0.0
477,Neha,28.026128266033254,Laptop,2.0,15000.0
443,Amit,25.0,Mobile,1.0,0.0
281,Rahul,22.0,Tablet,3.0,0.0
572,Unknown,35.0,Headphones,2.0,15000.0
638,Amit,30.0,Headphones,1.0,10000.0
832,Pooja,22.0,Mobile,2.0,0.0
474,Amit,30.0,unknown,1.0,0.0
602,Rahul,25.0,Headphones,3.0,20000.0
654,Amit,30.0,Tablet,2.0,0.0
917,Pooja,25.0,Headphones,1.0,0.0
128,Neha,22.0,Tablet,2.0,0.0
177,Rahul,22.0,Mobile,2.0,10000.0
162,Pooja,25.0,Mobile,1.0,20000.0
211,Amit,25.0,unknown,1.0,20000.0
630,Pooja,22.0,unknown,2.0,20000.0
201,Rahul,35.0,unknown,1.0,10000.0
251,Rahul,35.0,Mobile,1.0,10000.0
767,Neha,28.026128266033254,Headphones,1.0,0.0
145,Pooja,22.0,Tablet,3.0,20000.0
724,Neha,35.0,Headphones,1.0,15000.0
636,Pooja,35.0,Mobile,2.0,15000.0
1000,Unknown,25.0,Headphones,3.0,10000.0
253,Amit,35.0,Laptop,3.0,10000.0
239,Amit,25.0,unknown,1.0,10000.0
424,Unknown,35.0,unknown,1.0,20000.0
843,Pooja,25.0,Tablet,1.0,0.0
542,Rahul,35.0,Laptop,3.0,20000.0
175,Neha,35.0,unknown,1.0,0.0
359,Amit,25.0,Laptop,1.0,20000.0
863,Pooja,30.0,Laptop,3.0,15000.0
318,Pooja,25.0,Headphones,3.0,15000.0
778,Amit,35.0,Headphones,3.0,0.0
240,Neha,25.0,Tablet,3.0,15000.0
571,Amit,35.0,Headphones,1.0,15000.0
451,Pooja,22.0,unknown,1.0,10000.0
971,Rahul,28.026128266033254,Mobile,3.0,15000.0
283,Rahul,28.026128266033254,unknown,3.0,15000.0
358,Amit,28.026128266033254,Mobile,1.0,0.0
848,Pooja,28.026128266033254,Laptop,2.0,20000.0
632,Neha,30.0,Laptop,1.0,0.0
684,Unknown,22.0,unknown,2.0,10000.0
7,Amit,25.0,Headphones,2.0,10000.0
171,Pooja,22.0,Tablet,3.0,10000.0
719,Neha,22.0,Headphones,2.0,0.0
884,Unknown,25.0,Laptop,2.0,0.0
182,Amit,30.0,Mobile,2.0,15000.0
948,Neha,30.0,Headphones,1.0,10000.0
807,Pooja,35.0,Laptop,1.0,0.0
680,Rahul,22.0,Tablet,1.0,20000.0
355,Unknown,25.0,Headphones,1.0,0.0
471,Rahul,35.0,Laptop,3.0,15000.0
497,Pooja,25.0,Headphones,1.0,0.0
582,Neha,35.0,Laptop,2.0,20000.0
255,Pooja,35.0,unknown,1.0,0.0
282,Rahul,25.0,unknown,3.0,0.0
117,Pooja,28.026128266033254,Tablet,3.0,20000.0
610,Amit,22.0,Tablet,2.0,0.0
986,Neha,22.0,unknown,1.0,0.0
267,Unknown,28.026128266033254,Headphones,1.0,15000.0
170,Amit,35.0,Mobile,1.0,15000.0
970,Amit,22.0,Mobile,2.0,10000.0
984,Unknown,25.0,unknown,1.0,15000.0
254,Pooja,22.0,Laptop,2.0,10000.0
277,Unknown,35.0,Laptop,2.0,0.0
514,Neha,25.0,Mobile,1.0,0.0
92,Unknown,25.0,unknown,1.0,0.0
268,Neha,22.0,Mobile,1.0,20000.0
30,Pooja,35.0,Mobile,1.0,20000.0
302,Rahul,25.0,Mobile,1.0,20000.0
447,Unknown,35.0,Headphones,2.0,10000.0
219,Unknown,28.026128266033254,Tablet,1.0,15000.0
169,Unknown,25.0,Mobile,2.0,10000.0
996,Amit,35.0,Mobile,1.0,0.0
78,Pooja,22.0,unknown,1.0,10000.0
90,Amit,28.026128266033254,Mobile,3.0,20000.0
617,Unknown,35.0,Laptop,1.0,0.0
409,Amit,25.0,Mobile,1.0,15000.0
207,Unknown,22.0,Tablet,1.0,0.0
5,Amit,25.0,unknown,3.0,15000.0
813,Neha,35.0,Laptop,1.0,0.0
954,Neha,35.0,Laptop,2.0,20000.0
821,Unknown,30.0,unknown,1.0,0.0
761,Rahul,25.0,Headphones,1.0,0.0
418,Amit,25.0,Headphones,1.0,20000.0
131,Pooja,25.0,Laptop,2.0,10000.0
126,Pooja,30.0,Laptop,1.0,20000.0
846,Neha,25.0,unknown,3.0,0.0
227,Amit,25.0,unknown,3.0,15000.0
556,Neha,35.0,unknown,3.0,20000.0
757,Unknown,35.0,unknown,1.0,0.0
295,Rahul,28.026128266033254,Laptop,2.0,20000.0
589,Rahul,22.0,Laptop,3.0,0.0
890,Neha,28.026128266033254,Tablet,2.0,20000.0
37,Pooja,22.0,Headphones,1.0,0.0
392,Pooja,30.0,Tablet,1.0,15000.0
562,Unknown,35.0,Headphones,1.0,15000.0
887,Neha,30.0,Laptop,2.0,0.0
787,Neha,28.026128266033254,Mobile,1.0,0.0
367,Unknown,30.0,Headphones,1.0,0.0
907,Rahul,30.0,Tablet,1.0,15000.0
592,Rahul,30.0,Mobile,1.0,15000.0
653,Unknown,30.0,unknown,2.0,10000.0
701,Neha,35.0,Mobile,2.0,20000.0
987,Pooja,22.0,Headphones,1.0,10000.0
208,Unknown,22.0,Laptop,1.0,15000.0
374,Neha,22.0,Tablet,1.0,0.0
399,Amit,35.0,Tablet,2.0,10000.0
896,Unknown,30.0,Headphones,1.0,0.0
726,Pooja,30.0,unknown,3.0,0.0
509,Rahul,28.026128266033254,Tablet,1.0,15000.0
953,Pooja,28.026128266033254,Tablet,1.0,10000.0
456,Amit,28.026128266033254,Mobile,1.0,0.0
444,Pooja,22.0,Headphones,1.0,15000.0
688,Rahul,35.0,Laptop,1.0,15000.0
752,Amit,35.0,Mobile,1.0,15000.0
256,Rahul,25.0,Tablet,1.0,10000.0
435,Unknown,22.0,unknown,1.0,20000.0
605,Pooja,25.0,Mobile,1.0,15000.0
264,Rahul,25.0,Mobile,2.0,20000.0
567,Rahul,25.0,Mobile,3.0,10000.0
922,Neha,35.0,Headphones,1.0,10000.0
774,Neha,25.0,Mobile,1.0,10000.0
868,Pooja,22.0,Tablet,2.0,0.0
190,Pooja,35.0,Headphones,1.0,10000.0
125,Rahul,28.026128266033254,Laptop,1.0,0.0
14,Neha,30.0,Mobile,3.0,10000.0
898,Pooja,35.0,Tablet,3.0,10000.0
850,Unknown,30.0,unknown,1.0,0.0
469,Rahul,28.026128266033254,Mobile,3.0,0.0
413,Neha,30.0,Tablet,2.0,10000.0
308,Unknown,30.0,Laptop,3.0,0.0
854,Neha,35.0,unknown,1.0,20000.0
698,Unknown,30.0,unknown,1.0,15000.0
298,Unknown,25.0,Mobile,3.0,15000.0
395,Neha,35.0,unknown,3.0,20000.0
872,Neha,28.026128266033254,Tablet,1.0,20000.0
340,Pooja,25.0,Laptop,1.0,0.0
988,Amit,22.0,unknown,1.0,0.0
331,Rahul,30.0,unknown,3.0,0.0
566,Amit,35.0,Mobile,2.0,0.0
563,Pooja,35.0,unknown,2.0,15000.0
225,Amit,28.026128266033254,Mobile,2.0,0.0
71,Unknown,30.0,Mobile,2.0,20000.0
733,Unknown,25.0,Mobile,1.0,20000.0
242,Neha,25.0,unknown,3.0,15000.0
481,Neha,30.0,Laptop,1.0,0.0
291,Amit,30.0,Mobile,2.0,0.0
391,Neha,25.0,Laptop,1.0,20000.0
545,Pooja,30.0,Laptop,1.0,20000.0
958,Rahul,28.026128266033254,Laptop,3.0,15000.0
361,Unknown,22.0,Headphones,3.0,0.0
675,Rahul,30.0,Headphones,3.0,0.0
422,Pooja,30.0,Mobile,2.0,10000.0
223,Neha,30.0,Laptop,1.0,15000.0
806,Neha,28.026128266033254,Laptop,1.0,0.0
817,Rahul,28.026128266033254,unknown,2.0,20000.0
826,Unknown,25.0,Headphones,1.0,10000.0
389,Pooja,22.0,Laptop,3.0,20000.0
964,Neha,35.0,Laptop,1.0,20000.0
993,Rahul,22.0,Headphones,3.0,20000.0
877,Neha,28.026128266033254,Headphones,3.0,0.0
704,Unknown,25.0,Laptop,3.0,10000.0
400,Neha,25.0,Tablet,2.0,0.0
280,Pooja,22.0,Headphones,3.0,0.0
31,Rahul,35.0,Tablet,1.0,20000.0
41,Amit,25.0,Mobile,1.0,15000.0
802,Neha,22.0,Mobile,2.0,20000.0
372,Neha,35.0,unknown,1.0,10000.0
220,Rahul,28.026128266033254,Tablet,1.0,0.0
67,Neha,30.0,Headphones,2.0,15000.0
575,Amit,30.0,Headphones,2.0,15000.0
776,Unknown,35.0,Headphones,3.0,15000.0
49,Pooja,35.0,Tablet,2.0,20000.0
323,Neha,35.0,Mobile,1.0,20000.0
544,Amit,22.0,unknown,3.0,0.0
672,Neha,28.026128266033254,Tablet,1.0,20000.0
216,Unknown,35.0,Headphones,3.0,0.0
407,Pooja,30.0,Headphones,1.0,0.0
107,Unknown,28.026128266033254,unknown,3.0,10000.0
919,Unknown,30.0,Tablet,1.0,15000.0
856,Neha,28.026128266033254,Tablet,1.0,10000.0
668,Pooja,28.026128266033254,unknown,3.0,10000.0
594,Unknown,28.026128266033254,Headphones,3.0,10000.0
229,Pooja,30.0,unknown,1.0,20000.0
437,Rahul,25.0,unknown,2.0,15000.0
243,Amit,22.0,Tablet,1.0,20000.0
427,Unknown,30.0,Tablet,1.0,0.0
120,Pooja,30.0,Tablet,2.0,20000.0
292,Unknown,25.0,Mobile,2.0,15000.0
734,Unknown,28.026128266033254,Tablet,1.0,15000.0
334,Pooja,25.0,Headphones,1.0,0.0
129,Unknown,35.0,Laptop,1.0,20000.0
885,Rahul,25.0,Mobile,1.0,0.0
548,Pooja,28.026128266033254,Headphones,1.0,10000.0
377,Unknown,30.0,Headphones,2.0,15000.0
11,Unknown,22.0,Mobile,1.0,0.0
980,Unknown,25.0,Mobile,1.0,20000.0
102,Pooja,25.0,Headphones,3.0,20000.0
779,Rahul,30.0,Headphones,3.0,15000.0
468,Amit,22.0,unknown,1.0,15000.0
738,Rahul,28.026128266033254,Laptop,1.0,10000.0
320,Amit,30.0,unknown,1.0,0.0
608,Pooja,22.0,unknown,1.0,15000.0
439,Pooja,28.026128266033254,Headphones,3.0,10000.0
614,Rahul,28.026128266033254,Mobile,1.0,20000.0
312,Pooja,28.026128266033254,Mobile,1.0,15000.0
119,Pooja,30.0,Tablet,1.0,0.0
408,Rahul,28.026128266033254,Headphones,1.0,15000.0
341,Unknown,28.026128266033254,unknown,1.0,0.0
534,Neha,28.026128266033254,Tablet,1.0,10000.0
862,Amit,22.0,Laptop,1.0,10000.0
944,Pooja,25.0,Tablet,1.0,20000.0
750,Amit,28.026128266033254,Mobile,1.0,0.0
878,Pooja,28.026128266033254,Headphones,1.0,20000.0
619,Neha,30.0,Mobile,2.0,0.0
861,Amit,28.026128266033254,unknown,1.0,20000.0
760,Pooja,35.0,Mobile,3.0,0.0
589,Rahul,22.0,Laptop,3.0,0.0
793,Pooja,30.0,Laptop,1.0,20000.0
157,Pooja,22.0,Mobile,2.0,0.0
549,Rahul,22.0,Headphones,1.0,10000.0
4,Unknown,35.0,Laptop,1.0,15000.0
762,Amit,30.0,Tablet,3.0,10000.0
374,Neha,22.0,Tablet,1.0,0.0
812,Neha,28.026128266033254,Mobile,1.0,20000.0
714,Pooja,28.026128266033254,Headphones,3.0,0.0
847,Unknown,22.0,Mobile,3.0,10000.0
541,Amit,25.0,Laptop,2.0,20000.0
16,Pooja,25.0,unknown,1.0,10000.0
45,Amit,25.0,unknown,3.0,15000.0
814,Unknown,35.0,Headphones,2.0,15000.0
322,Pooja,25.0,Tablet,1.0,15000.0
263,Rahul,25.0,unknown,3.0,20000.0
781,Rahul,35.0,Mobile,3.0,10000.0
457,Pooja,25.0,unknown,2.0,15000.0
711,Amit,28.026128266033254,Tablet,1.0,20000.0
289,Neha,35.0,Laptop,3.0,0.0
798,Rahul,30.0,Laptop,1.0,20000.0
349,Rahul,25.0,Laptop,1.0,20000.0
46,Neha,35.0,Tablet,1.0,20000.0
650,Neha,30.0,Headphones,2.0,0.0
905,Neha,28.026128266033254,Headphones,1.0,20000.0
347,Neha,30.0,Laptop,3.0,0.0
284,Unknown,35.0,Laptop,3.0,20000.0
306,Amit,30.0,Mobile,1.0,20000.0
307,Amit,35.0,Headphones,1.0,10000.0
941,Amit,28.026128266033254,Mobile,2.0,0.0
319,Rahul,35.0,Mobile,1.0,20000.0
232,Rahul,35.0,Headphones,1.0,20000.0
551,Neha,28.026128266033254,Laptop,1.0,10000.0
310,Rahul,35.0,Headphones,3.0,0.0
470,Neha,22.0,Laptop,1.0,15000.0
22,Amit,35.0,Laptop,2.0,15000.0
517,Neha,22.0,Mobile,1.0,10000.0
788,Unknown,22.0,Headphones,2.0,10000.0
180,Neha,28.026128266033254,Tablet,1.0,15000.0
817,Rahul,28.026128266033254,unknown,2.0,20000.0
732,Neha,30.0,Tablet,2.0,20000.0
339,Amit,30.0,Laptop,3.0,0.0
187,Neha,22.0,Tablet,1.0,15000.0
24,Neha,22.0,Laptop,3.0,20000.0
797,Pooja,35.0,Headphones,2.0,15000.0
51,Neha,30.0,unknown,1.0,10000.0
438,Rahul,35.0,unknown,1.0,10000.0
581,Rahul,35.0,Mobile,1.0,20000.0
185,Rahul,30.0,Laptop,3.0,20000.0
366,Unknown,28.026128266033254,Laptop,2.0,20000.0
205,Neha,30.0,Headphones,1.0,0.0
68,Amit,35.0,Headphones,2.0,10000.0
553,Unknown,25.0,Mobile,2.0,15000.0
528,Amit,22.0,Headphones,1.0,0.0
975,Pooja,35.0,Tablet,3.0,10000.0
656,Amit,22.0,Mobile,1.0,0.0
816,Rahul,28.026128266033254,Headphones,2.0,20000.0
83,Amit,28.026128266033254,Laptop,3.0,0.0
386,Unknown,28.026128266033254,Mobile,1.0,15000.0
710,Unknown,25.0,Laptop,2.0,0.0
383,Amit,28.026128266033254,Mobile,1.0,20000.0
966,Rahul,22.0,Mobile,1.0,0.0
326,Amit,35.0,Laptop,1.0,20000.0
109,Amit,28.026128266033254,Laptop,1.0,10000.0
999,Neha,22.0,Mobile,2.0,20000.0
493,Unknown,28.026128266033254,Mobile,1.0,20000.0
686,Unknown,25.0,Tablet,1.0,10000.0
33,Neha,22.0,Tablet,3.0,20000.0
450,Rahul,22.0,unknown,2.0,20000.0
44,Pooja,22.0,Headphones,3.0,10000.0
200,Rahul,35.0,unknown,2.0,10000.0
985,Pooja,35.0,Tablet,3.0,10000.0
59,Neha,25.0,Tablet,3.0,10000.0
394,Neha,30.0,unknown,2.0,15000.0
39,Unknown,25.0,Mobile,1.0,10000.0
991,Unknown,30.0,Laptop,1.0,0.0
350,Unknown,30.0,Laptop,2.0,0.0
17,Unknown,30.0,unknown,3.0,10000.0
27,Pooja,28.026128266033254,Mobile,3.0,10000.0
900,Pooja,22.0,Headphones,1.0,10000.0
625,Amit,30.0,Laptop,2.0,20000.0
746,Amit,28.026128266033254,Tablet,3.0,0.0
213,Rahul,35.0,unknown,1.0,20000.0
2,Rahul,30.0,Tablet,1.0,15000.0
765,Amit,25.0,unknown,2.0,20000.0
193,Rahul,25.0,Mobile,2.0,10000.0
768,Pooja,22.0,Tablet,1.0,15000.0
699,Neha,35.0,Laptop,2.0,0.0
313,Pooja,30.0,Laptop,3.0,15000.0
156,Neha,30.0,Tablet,1.0,10000.0
74,Rahul,28.026128266033254,unknown,1.0,20000.0
560,Rahul,28.026128266033254,Mobile,1.0,20000.0
250,Neha,28.026128266033254,Tablet,1.0,10000.0
947,Pooja,35.0,Laptop,3.0,0.0
745,Neha,30.0,Laptop,1.0,10000.0
674,Neha,35.0,Laptop,1.0,10000.0
271,Pooja,35.0,Mobile,3.0,0.0
70,Unknown,22.0,Mobile,1.0,10000.0
230,Unknown,22.0,Tablet,1.0,10000.0
917,Pooja,25.0,Headphones,1.0,0.0
179,Neha,30.0,Laptop,1.0,10000.0
934,Pooja,22.0,unknown,1.0,20000.0
801,Pooja,25.0,Headphones,1.0,20000.0
141,Unknown,22.0,Mobile,2.0,15000.0
916,Rahul,22.0,unknown,3.0,0.0
365,Pooja,28.026128266033254,Headphones,3.0,20000.0
574,Unknown,30.0,Mobile,2.0,15000.0
755,Pooja,28.026128266033254,Laptop,1.0,15000.0
385,Rahul,28.026128266033254,Headphones,1.0,0.0
978,Pooja,35.0,Mobile,1.0,15000.0
104,Neha,30.0,Laptop,1.0,10000.0
335,Neha,25.0,Tablet,3.0,20000.0
866,Neha,22.0,Tablet,1.0,15000.0
935,Rahul,35.0,Laptop,3.0,15000.0
795,Neha,30.0,Laptop,1.0,0.0
433,Pooja,25.0,Tablet,1.0,10000.0
952,Unknown,22.0,unknown,1.0,20000.0
34,Amit,25.0,unknown,1.0,10000.0
277,Unknown,35.0,Laptop,2.0,0.0
754,Rahul,35.0,unknown,3.0,15000.0
859,Rahul,28.026128266033254,Tablet,1.0,20000.0
106,Amit,22.0,Tablet,1.0,0.0
623,Amit,30.0,Laptop,1.0,20000.0
522,Rahul,22.0,Mobile,2.0,20000.0
215,Amit,25.0,Mobile,1.0,20000.0
130,Amit,22.0,Laptop,1.0,0.0
648,Neha,25.0,Tablet,1.0,10000.0
116,Rahul,35.0,Headphones,2.0,10000.0
771,Neha,22.0,Headphones,1.0,20000.0
4,Unknown,35.0,Laptop,1.0,15000.0
540,Pooja,28.026128266033254,unknown,2.0,15000.0
440,Pooja,25.0,Laptop,1.0,20000.0
644,Unknown,25.0,Laptop,1.0,0.0
483,Pooja,25.0,Tablet,1.0,0.0
707,Rahul,28.026128266033254,Tablet,1.0,10000.0
637,Neha,28.026128266033254,unknown,1.0,15000.0
115,Rahul,30.0,Laptop,2.0,20000.0
425,Unknown,22.0,Mobile,1.0,20000.0
552,Neha,35.0,Headphones,1.0,20000.0
936,Unknown,28.026128266033254,unknown,2.0,10000.0
671,Pooja,22.0,unknown,1.0,10000.0
252,Pooja,25.0,Mobile,1.0,10000.0
914,Neha,25.0,Mobile,2.0,15000.0
467,Neha,25.0,unknown,2.0,20000.0
845,Pooja,30.0,Laptop,3.0,15000.0
80,Neha,25.0,Tablet,1.0,20000.0
693,Rahul,22.0,Headphones,3.0,20000.0
270,Rahul,35.0,Tablet,1.0,20000.0
188,Unknown,25.0,Mobile,1.0,0.0
796,Amit,30.0,Mobile,3.0,0.0
482,Rahul,35.0,Laptop,1.0,10000.0
13,Rahul,30.0,Laptop,1.0,10000.0
353,Neha,22.0,Headphones,2.0,15000.0
940,Unknown,22.0,Headphones,1.0,0.0
307,Amit,35.0,Headphones,1.0,10000.0
454,Neha,22.0,Mobile,2.0,20000.0
959,Pooja,28.026128266033254,Mobile,1.0,20000.0
794,Neha,28.026128266033254,Tablet,2.0,20000.0
26,Pooja,28.026128266033254,Headphones,3.0,10000.0
352,Rahul,22.0,Laptop,3.0,10000.0
72,Rahul,35.0,Headphones,1.0,10000.0
8,Amit,28.026128266033254,Tablet,1.0,0.0
495,Amit,35.0,Mobile,1.0,0.0
396,Pooja,30.0,Tablet,1.0,0.0
113,Rahul,28.026128266033254,Laptop,1.0,20000.0
98,Neha,22.0,Laptop,3.0,20000.0
192,Unknown,30.0,Mobile,2.0,0.0
42,Unknown,28.026128266033254,unknown,3.0,0.0
398,Unknown,25.0,unknown,2.0,10000.0
197,Amit,25.0,unknown,1.0,15000.0
426,Unknown,25.0,Tablet,1.0,10000.0
799,Pooja,25.0,Tablet,1.0,15000.0
461,Rahul,35.0,unknown,1.0,15000.0
488,Amit,22.0,Mobile,1.0,10000.0
662,Unknown,30.0,unknown,3.0,0.0
989,Unknown,25.0,Headphones,1.0,15000.0
682,Neha,30.0,Mobile,2.0,0.0
124,Neha,35.0,unknown,1.0,15000.0
296,Neha,28.026128266033254,Mobile,3.0,10000.0
238,Neha,28.026128266033254,Laptop,1.0,15000.0
909,Amit,35.0,Mobile,2.0,20000.0
775,Pooja,25.0,Mobile,1.0,10000.0
382,Rahul,22.0,Laptop,1.0,20000.0
419,Unknown,35.0,Mobile,1.0,10000.0
166,Unknown,28.026128266033254,Tablet,2.0,15000.0
138,Rahul,35.0,Mobile,1.0,0.0
56,Amit,28.026128266033254,unknown,2.0,0.0
519,Neha,30.0,Headphones,1.0,20000.0
218,Unknown,28.026128266033254,Mobile,1.0,20000.0
568,Rahul,28.026128266033254,Laptop,2.0,10000.0
579,Neha,28.026128266033254,Tablet,2.0,10000.0
121,Rahul,28.026128266033254,Mobile,1.0,10000.0
669,Rahul,35.0,unknown,2.0,10000.0
127,Neha,30.0,Mobile,1.0,15000.0
198,Amit,25.0,Headphones,3.0,15000.0
901,Unknown,35.0,Headphones,2.0,10000.0
100,Amit,22.0,Tablet,2.0,0.0
860,Amit,35.0,Tablet,3.0,15000.0
844,Unknown,22.0,Tablet,3.0,0.0
918,Unknown,35.0,Laptop,2.0,15000.0
373,Pooja,28.026128266033254,unknown,1.0,20000.0
951,Unknown,30.0,Tablet,2.0,10000.0
259,Neha,22.0,Laptop,2.0,15000.0
703,Rahul,22.0,Headphones,1.0,0.0
641,Rahul,25.0,Tablet,3.0,0.0
936,Unknown,28.026128266033254,unknown,2.0,10000.0
508,Unknown,35.0,Laptop,3.0,0.0
913,Neha,22.0,Tablet,1.0,15000.0
972,Unknown,30.0,Mobile,3.0,10000.0
10,Amit,25.0,Headphones,1.0,15000.0
893,Amit,30.0,Mobile,1.0,15000.0
748,Unknown,30.0,Headphones,1.0,15000.0
202,Rahul,30.0,Headphones,1.0,0.0
345,Pooja,28.026128266033254,unknown,3.0,10000.0
502,Pooja,28.026128266033254,Headphones,1.0,20000.0
557,Neha,35.0,Laptop,1.0,20000.0
237,Amit,30.0,Laptop,2.0,20000.0
266,Unknown,28.026128266033254,Mobile,1.0,15000.0
564,Neha,35.0,Mobile,3.0,15000.0
786,Rahul,25.0,Tablet,2.0,0.0
645,Amit,28.026128266033254,Laptop,1.0,15000.0
258,Unknown,25.0,Tablet,1.0,10000.0
479,Amit,28.026128266033254,Tablet,2.0,15000.0
101,Unknown,30.0,Laptop,2.0,0.0
962,Pooja,35.0,unknown,3.0,0.0
588,Rahul,30.0,unknown,1.0,15000.0
882,Unknown,28.026128266033254,unknown,3.0,10000.0
717,Pooja,35.0,Tablet,1.0,20000.0
20,Pooja,35.0,Headphones,2.0,15000.0
943,Pooja,22.0,Tablet,2.0,0.0
586,Pooja,30.0,unknown,2.0,15000.0
244,Unknown,30.0,Laptop,1.0,0.0
979,Rahul,22.0,Tablet,2.0,10000.0
161,Rahul,35.0,Tablet,1.0,10000.0
928,Rahul,22.0,Tablet,1.0,10000.0
869,Neha,22.0,Laptop,1.0,0.0
924,Unknown,25.0,Mobile,2.0,15000.0
565,Pooja,35.0,unknown,1.0,10000.0
54,Neha,30.0,Mobile,1.0,0.0
459,Rahul,35.0,Tablet,1.0,20000.0
616,Neha,25.0,Mobile,1.0,10000.0
692,Unknown,28.026128266033254,unknown,2.0,0.0
822,Neha,28.026128266033254,Mobile,1.0,20000.0
99,Unknown,25.0,Headphones,3.0,10000.0
507,Amit,25.0,Mobile,3.0,15000.0
529,Rahul,28.026128266033254,Laptop,3.0,20000.0
36,Amit,30.0,Mobile,3.0,15000.0
323,Neha,35.0,Mobile,1.0,20000.0
603,Neha,28.026128266033254,unknown,2.0,10000.0
184,Pooja,35.0,Laptop,2.0,20000.0
807,Pooja,35.0,Laptop,1.0,0.0
578,Amit,28.026128266033254,Tablet,3.0,20000.0
158,Pooja,25.0,Tablet,1.0,10000.0
157,Pooja,22.0,Mobile,2.0,0.0
756,Neha,28.026128266033254,Headphones,1.0,20000.0
441,Amit,35.0,Tablet,2.0,0.0
720,Pooja,30.0,unknown,1.0,0.0
417,Amit,28.026128266033254,Headphones,3.0,0.0
824,Amit,35.0,Mobile,1.0,20000.0
262,Unknown,22.0,Tablet,1.0,20000.0
429,Neha,25.0,Headphones,3.0,15000.0
18,Rahul,25.0,Headphones,3.0,0.0
849,Rahul,35.0,Tablet,1.0,20000.0
368,Pooja,30.0,Laptop,2.0,10000.0
364,Rahul,22.0,Laptop,3.0,20000.0
465,Amit,28.026128266033254,Mobile,1.0,20000.0
689,Unknown,35.0,unknown,1.0,10000.0
501,Pooja,28.026128266033254,Laptop,1.0,15000.0
961,Neha,35.0,Laptop,1.0,0.0
299,Unknown,30.0,Mobile,1.0,10000.0
61,Neha,22.0,unknown,2.0,20000.0
449,Unknown,35.0,unknown,3.0,10000.0
664,Rahul,22.0,Laptop,2.0,10000.0
584,Amit,25.0,Tablet,1.0,0.0
321,Neha,28.026128266033254,Tablet,1.0,15000.0
135,Neha,30.0,unknown,3.0,0.0
533,Amit,25.0,Laptop,3.0,20000.0
769,Neha,22.0,Mobile,1.0,15000.0
286,Pooja,35.0,Tablet,1.0,10000.0
89,Pooja,35.0,Mobile,1.0,15000.0
63,Neha,28.026128266033254,Mobile,3.0,0.0
743,Amit,28.026128266033254,Tablet,1.0,20000.0
908,Amit,22.0,unknown,2.0,10000.0
303,Pooja,35.0,Laptop,3.0,15000.0
203,Amit,22.0,Mobile,2.0,0.0
122,Rahul,30.0,Mobile,1.0,20000.0
236,Pooja,35.0,Headphones,2.0,15000.0
631,Rahul,35.0,Mobile,1.0,20000.0
792,Unknown,35.0,unknown,1.0,15000.0
820,Unknown,25.0,Headphones,3.0,10000.0
103,Amit,25.0,unknown,2.0,10000.0
290,Rahul,30.0,Tablet,1.0,10000.0
327,Pooja,30.0,unknown,3.0,15000.0
82,Unknown,25.0,unknown,1.0,10000.0
874,Amit,30.0,Laptop,3.0,0.0
1,Rahul,35.0,Headphones,1.0,0.0
925,Pooja,22.0,unknown,1.0,20000.0
823,Neha,22.0,Tablet,2.0,15000.0
766,Amit,30.0,unknown,2.0,0.0
702,Amit,35.0,unknown,3.0,15000.0
476,Pooja,22.0,unknown,1.0,10000.0
819,Rahul,35.0,unknown,1.0,20000.0
864,Neha,25.0,Tablet,3.0,20000.0
933,Rahul,25.0,unknown,2.0,20000.0
968,Pooja,22.0,unknown,1.0,20000.0
527,Rahul,25.0,unknown,1.0,15000.0
488,Amit,22.0,Mobile,1.0,10000.0
316,Pooja,28.026128266033254,Headphones,3.0,0.0
546,Pooja,25.0,Headphones,2.0,0.0
363,Rahul,25.0,Headphones,3.0,15000.0
154,Rahul,35.0,Tablet,2.0,0.0
713,Pooja,22.0,Tablet,1.0,10000.0
791,Pooja,35.0,Laptop,1.0,0.0
226,Rahul,22.0,Laptop,3.0,10000.0
621,Rahul,25.0,Laptop,1.0,15000.0
677,Pooja,28.026128266033254,Headphones,1.0,15000.0
613,Pooja,35.0,Mobile,2.0,10000.0
148,Neha,22.0,Laptop,3.0,0.0
504,Amit,22.0,Laptop,3.0,15000.0
735,Neha,35.0,Headphones,1.0,0.0
911,Pooja,30.0,unknown,2.0,0.0
730,Pooja,25.0,Tablet,1.0,15000.0
658,Pooja,25.0,Mobile,3.0,20000.0
351,Pooja,35.0,Tablet,3.0,15000.0
758,Unknown,30.0,Tablet,2.0,20000.0
66,Amit,22.0,Laptop,1.0,10000.0
208,Unknown,22.0,Laptop,1.0,15000.0
418,Amit,25.0,Headphones,1.0,20000.0
525,Pooja,22.0,Headphones,3.0,20000.0
705,Amit,25.0,Tablet,1.0,20000.0
77,Amit,22.0,Headphones,3.0,0.0
920,Pooja,30.0,Mobile,2.0,20000.0
576,Neha,28.026128266033254,Mobile,2.0,15000.0
857,Amit,30.0,Laptop,1.0,15000.0
123,Neha,30.0,Headphones,2.0,20000.0
287,Rahul,28.026128266033254,unknown,1.0,0.0
897,Neha,22.0,unknown,3.0,15000.0
518,Pooja,35.0,Laptop,1.0,20000.0
997,Rahul,28.026128266033254,Laptop,3.0,20000.0
736,Rahul,28.026128266033254,Tablet,3.0,20000.0
362,Amit,25.0,Laptop,1.0,0.0
642,Unknown,35.0,unknown,3.0,15000.0
431,Neha,25.0,Mobile,1.0,15000.0
168,Pooja,22.0,Mobile,1.0,15000.0
275,Rahul,28.026128266033254,Headphones,1.0,20000.0
828,Rahul,25.0,Laptop,1.0,20000.0
678,Rahul,35.0,Headphones,1.0,15000.0
55,Pooja,28.026128266033254,Laptop,3.0,0.0
512,Amit,22.0,Mobile,1.0,20000.0
721,Rahul,22.0,Headphones,3.0,10000.0
380,Neha,35.0,unknown,1.0,0.0
234,Unknown,22.0,unknown,2.0,20000.0
906,Unknown,28.026128266033254,Tablet,2.0,10000.0
539,Pooja,22.0,Headphones,3.0,0.0
659,Rahul,22.0,Tablet,2.0,10000.0
784,Pooja,35.0,Headphones,2.0,15000.0
601,Unknown,25.0,Laptop,3.0,0.0
516,Unknown,28.026128266033254,Laptop,1.0,10000.0
629,Pooja,35.0,Mobile,3.0,20000.0
889,Unknown,28.026128266033254,Headphones,1.0,20000.0
532,Pooja,25.0,Mobile,1.0,0.0
164,Pooja,28.026128266033254,Mobile,2.0,20000.0
274,Unknown,30.0,Tablet,1.0,15000.0
186,Rahul,30.0,Mobile,1.0,0.0
134,Unknown,25.0,Headphones,3.0,10000.0
569,Rahul,28.026128266033254,Tablet,1.0,0.0
490,Amit,35.0,Laptop,2.0,0.0
615,Amit,25.0,unknown,1.0,10000.0
300,Neha,35.0,Mobile,1.0,15000.0
604,Pooja,35.0,unknown,3.0,15000.0
276,Unknown,25.0,Mobile,3.0,15000.0
938,Pooja,35.0,Mobile,1.0,10000.0
718,Pooja,28.026128266033254,Laptop,1.0,10000.0
841,Amit,25.0,Headphones,1.0,20000.0
442,Amit,25.0,Tablet,1.0,20000.0
550,Pooja,28.026128266033254,Mobile,1.0,0.0
261,Neha,35.0,Mobile,2.0,20000.0
405,Amit,25.0,Laptop,1.0,15000.0
373,Pooja,28.026128266033254,unknown,1.0,20000.0
992,Rahul,30.0,unknown,2.0,0.0
716,Unknown,28.026128266033254,Mobile,1.0,10000.0
84,Amit,35.0,unknown,2.0,10000.0
144,Neha,22.0,unknown,3.0,15000.0
458,Amit,35.0,Tablet,2.0,0.0
903,Pooja,35.0,Headphones,1.0,0.0
375,Neha,22.0,Laptop,1.0,15000.0
222,Pooja,25.0,Headphones,1.0,0.0
97,Pooja,28.026128266033254,Laptop,1.0,0.0
397,Neha,22.0,Laptop,1.0,10000.0
895,Pooja,28.026128266033254,Headphones,1.0,0.0
657,Neha,35.0,Mobile,1.0,10000.0
150,Rahul,28.026128266033254,Mobile,1.0,10000.0
956,Pooja,25.0,Mobile,1.0,20000.0
831,Pooja,28.026128266033254,Mobile,1.0,15000.0
892,Pooja,22.0,Mobile,1.0,15000.0
706,Amit,30.0,unknown,1.0,0.0
35,Amit,22.0,unknown,1.0,20000.0
646,Unknown,35.0,Laptop,1.0,20000.0
317,Pooja,22.0,Tablet,3.0,10000.0
50,Rahul,35.0,Tablet,1.0,0.0
998,Rahul,25.0,Headphones,1.0,0.0
810,Rahul,22.0,Mobile,1.0,0.0
764,Unknown,25.0,Headphones,3.0,20000.0
211,Amit,25.0,unknown,1.0,20000.0
118,Unknown,30.0,unknown,2.0,20000.0
855,Amit,28.026128266033254,Tablet,2.0,20000.0
194,Rahul,22.0,Tablet,2.0,20000.0
513,Amit,28.026128266033254,Tablet,3.0,15000.0
687,Rahul,28.026128266033254,Laptop,1.0,20000.0
676,Neha,35.0,Laptop,1.0,15000.0
241,Amit,35.0,unknown,2.0,15000.0
628,Neha,28.026128266033254,Mobile,1.0,0.0
32,Neha,25.0,Laptop,2.0,20000.0
836,Unknown,28.026128266033254,Tablet,1.0,0.0
516,Unknown,28.026128266033254,Laptop,1.0,10000.0
927,Unknown,35.0,Headphones,2.0,20000.0
453,Rahul,30.0,unknown,1.0,10000.0
598,Neha,28.026128266033254,Headphones,3.0,0.0
376,Rahul,35.0,Mobile,3.0,15000.0
930,Amit,28.026128266033254,Laptop,3.0,15000.0
726,Pooja,30.0,unknown,3.0,0.0
94,Amit,35.0,unknown,3.0,15000.0
803,Pooja,28.026128266033254,unknown,2.0,10000.0
626,Amit,25.0,Tablet,1.0,10000.0
